{"train/loss": 117.13776397705078, "_timestamp": 1692003887.38786, "_runtime": 3.670654058456421, "_step": 1}