{"train/loss": 61.566532135009766, "_timestamp": 1692005117.367875, "_runtime": 5.517008066177368, "_step": 4}