{"train/loss": 28.684741973876953, "_timestamp": 1692007976.834621, "_runtime": 17.740887880325317, "_step": 10, "train/lr": 0.0, "train/pool_1": [1.17379629611969, 0.7822812795639038], "train/pool_2": [1.0455158948898315, 1.0557808876037598], "train/pool_3": [1.0027402639389038, 1.0675162076950073], "test/test_accuracy": 7.142857142857143, "_wandb": {"runtime": 17}}