{"train/loss": 2.872800827026367, "_timestamp": 1692005265.479744, "_runtime": 2.777271032333374, "_step": 0}