{"train/loss": 181.76966857910156, "_timestamp": 1692003217.8772202, "_runtime": 11.802438259124756, "_step": 2, "test/test_accuracy": 10.0, "_wandb": {"runtime": 11}}