{"train/loss": 17.958330154418945, "_timestamp": 1692008103.340207, "_runtime": 17.44385004043579, "_step": 16, "train/lr": 0.0, "train/pool_1_order1": 1.0459988117218018, "train/pool_1_order2": 0.9409176707267761, "train/pool_2_order1": 0.9240142703056335, "train/pool_2_order2": 0.9744043946266174, "train/pool_3_order1": 1.0134927034378052, "train/pool_3_order2": 0.9429154396057129, "test/test_accuracy": 11.11111111111111, "_wandb": {"runtime": 16}}