{"train/loss": 41.031986236572266, "_timestamp": 1692005447.358905, "_runtime": 6.284770965576172, "_step": 5, "test/test_accuracy": 12.5, "_wandb": {"runtime": 5}}