{"train/loss": 2.1409075260162354, "_timestamp": 1692004396.1988192, "_runtime": 6.59869909286499, "_step": 5, "test/test_accuracy": 7.142857142857143, "_wandb": {"runtime": 6}}