{"train/loss": 26.814775466918945, "_timestamp": 1692007883.267694, "_runtime": 17.39712405204773, "_step": 10, "train/lr": 0.0, "train/pool_1": [1.004525899887085, 1.0657504796981812], "train/pool_2": [0.9813330173492432, 1.0773344039916992], "train/pool_3": [1.0560799837112427, 0.9066939353942871], "test/test_accuracy": 10.0, "_wandb": {"runtime": 16}}