{"train/loss": 12.426712989807129, "_timestamp": 1692004842.826139, "_runtime": 6.38454794883728, "_step": 5, "test/test_accuracy": 7.142857142857143, "_wandb": {"runtime": 5}}