{"train/loss": 176.05642700195312, "_timestamp": 1691935248.9262989, "_runtime": 18.742482900619507, "_step": 2, "test/test_accuracy": 11.11111111111111, "_wandb": {"runtime": 18}}