{"test/test_accuracy": 0.09, "_timestamp": 1691665492.2553012, "_runtime": 20.33404016494751, "_step": 0, "_wandb": {"runtime": 19}}