{"train/loss": 28.82868003845215, "_timestamp": 1692005618.318444, "_runtime": 27.304325103759766, "_step": 5, "test/test_accuracy": 14.285714285714286, "_wandb": {"runtime": 26}}