{"train/loss": 19.488515853881836, "_timestamp": 1692011790.0007548, "train/lr": 0.0, "train/pool_1_order1": 1.2636688947677612, "train/pool_1_order2": 2.290344715118408, "train/pool_2_order1": 0.42081862688064575, "train/pool_2_order2": 2.2496588230133057, "train/pool_3_order1": 1.352713942527771, "train/pool_3_order2": 0.8134928345680237, "_runtime": 41.70830178260803, "_step": 4, "test/test_accuracy": 7.142857142857143, "_wandb": {"runtime": 41}}