{"train/loss": 6.787181854248047, "_timestamp": 1692004726.483613, "_runtime": 41.21824502944946, "_step": 5, "test/test_accuracy": 12.5, "_wandb": {"runtime": 40}}