{"train/loss": 2.4897022247314453, "_timestamp": 1691935161.792237, "_runtime": 7.498868942260742, "_step": 0}