{"train/loss": 30.259878158569336, "_timestamp": 1692008958.047256, "train/lr": 0.0, "train/pool_1_order1": 1.140791893005371, "train/pool_1_order2": 1.0719099044799805, "train/pool_2_order1": 0.9771897196769714, "train/pool_2_order2": 0.9669219851493835, "train/pool_3_order1": 0.9623824954032898, "train/pool_3_order2": 0.37707361578941345, "_runtime": 17.711447954177856, "_step": 1, "test/test_accuracy": 7.142857142857143, "_wandb": {"runtime": 17}}