{"train/loss": 14.253961563110352, "_timestamp": 1692011190.542013, "train/lr": 0.0, "train/pool_1_order1": 0.7035592198371887, "train/pool_1_order2": 0.8067723512649536, "train/pool_2_order1": 1.4569264650344849, "train/pool_2_order2": 1.6090567111968994, "train/pool_3_order1": 1.239379644393921, "train/pool_3_order2": 0.6678087711334229, "_runtime": 32.94842886924744, "_step": 4, "test/test_accuracy": 10.0, "_wandb": {"runtime": 32}}