{"train/loss": 38.21199417114258, "_timestamp": 1692008540.937187, "_runtime": 17.16261386871338, "_step": 18, "train/lr": 0.0, "epoch": 1, "train/pool_1_order1": 0.8415417075157166, "train/pool_1_order2": 1.0192773342132568, "train/pool_2_order1": 0.9816327691078186, "train/pool_2_order2": 1.0141985416412354, "train/pool_3_order1": 1.0107126235961914, "train/pool_3_order2": 0.7809514403343201, "test/test_accuracy": 10.0, "_wandb": {"runtime": 16}}